label,n_with,n_without,mean_with_%,mean_without_%,diff_pts,ci95,years_better
FOMC on the signal day (the dip happened on it),62,1791,0.133,0.389,-0.256,-0.95..+0.40,4/10
FOMC between signal and entry,53,1800,-0.139,0.396,-0.535,-1.49..+0.42,5/11
FOMC while held,300,1553,0.694,0.32,0.374,-0.04..+0.76,8/16
CPI on the signal day (the dip happened on it),70,1783,0.158,0.39,-0.232,-0.91..+0.34,8/14
CPI between signal and entry,78,1775,0.605,0.371,0.234,-0.38..+0.85,8/13
CPI while held,366,1487,1.054,0.215,0.839,+0.49..+1.20,14/16
Jobs report on the signal day (the dip happened on it),87,1766,0.436,0.378,0.058,-0.64..+0.80,3/12
Jobs report between signal and entry,79,1774,1.103,0.349,0.755,-0.07..+1.54,8/12
Jobs report while held,425,1428,1.218,0.132,1.086,+0.77..+1.41,16/16
any macro release on the signal day,215,1638,0.262,0.396,-0.134,-0.56..+0.30,8/16
earnings season: top third of reports in next 5 days (>= 349),434,858,0.373,0.507,-0.135,-0.53..+0.27,5/11
earnings lull: bottom third (<= 77),431,861,0.277,0.554,-0.277,-0.66..+0.10,6/11
