,added_pts/yr,earned_$,costs_$,trades/yr,avg_in_tbills
"2011-2026 | buffer 2%, band 0%, gate off, 1bp",0.39,21172,5616,220.8,52%
"2011-2026 | buffer 2%, band 5%, gate off, 1bp",0.39,21149,5609,163.3,52%
"2011-2026 | buffer 2%, band 10%, gate off, 1bp",0.39,21116,5583,161.3,52%
"2011-2026 | buffer 2%, band 5%, gate 1%, 1bp",0.46,21536,2976,74.8,24%
"2011-2026 | buffer 2%, band 10%, gate 1%, 1bp",0.46,21504,2968,74.0,24%
"2011-2026 | buffer 2%, band 5%, gate 1%, 3bp",0.3,20800,8929,77.1,24%
"2011-2026 | buffer 0%, band 5%, gate 1%, 1bp",0.49,22526,2976,63.1,26%
"2011-2026 | buffer 5%, band 5%, gate 1%, 1bp",0.43,20058,2976,77.5,23%
"2023-2026 (rates ~4-5%) | buffer 2%, band 0%, gate off, 1bp",1.57,16084,1985,238.3,46%
"2023-2026 (rates ~4-5%) | buffer 2%, band 5%, gate off, 1bp",1.57,16066,1982,175.8,46%
"2023-2026 (rates ~4-5%) | buffer 2%, band 10%, gate off, 1bp",1.57,16050,1976,173.9,46%
"2023-2026 (rates ~4-5%) | buffer 2%, band 5%, gate 1%, 1bp",1.57,16066,1982,175.8,46%
"2023-2026 (rates ~4-5%) | buffer 2%, band 10%, gate 1%, 1bp",1.57,16050,1976,173.9,46%
"2023-2026 (rates ~4-5%) | buffer 2%, band 5%, gate 1%, 3bp",1.1,15761,5946,179.5,45%
"2023-2026 (rates ~4-5%) | buffer 0%, band 5%, gate 1%, 1bp",1.65,16826,1982,150.0,48%
"2023-2026 (rates ~4-5%) | buffer 5%, band 5%, gate 1%, 1bp",1.45,14930,1981,182.0,43%
