,CAGR 2011-26,CAGR 2011-18,CAGR 2019-26,CAGR Alpaca 2020-26,DD 2011-26,avg trade %,yrs beat live (yf),yrs beat live (al)
symbol order (live),6.3,3.22,9.59,10.17,-11.4,0.38,-,-
most_oversold,6.28,3.41,9.34,9.49,-12.2,0.38,7/16,2/7
hi52,5.86,2.94,8.97,9.48,-10.8,0.36,7/16,3/7
lowest_ibs,6.06,3.14,9.18,9.22,-11.6,0.37,7/16,2/7
highest_atrp,5.83,2.68,9.2,9.58,-12.2,0.35,7/16,2/7
biggest_drop5,5.7,2.6,9.01,9.24,-12.3,0.34,6/16,2/7
strongest_trend,5.75,3.06,8.63,9.26,-11.1,0.35,6/16,3/7
weakest_trend,6.69,3.12,10.53,10.88,-11.4,0.4,9/16,5/7
reverse_order,5.97,3.08,9.06,9.39,-11.8,0.36,7/16,3/7
track_record,6.62,3.8,9.85,9.57,-12.2,0.41,9/16,3/7
