,baseline (live config),regime filter off,max positions 5,max positions 6,position cap 25%,position cap 30%,original 11 symbols,entries at open (no limit),exits +0.10% slip (9:45 sells)
2011,-5.315213678177255,-1.1051318030704027,-5.421608423220925,-5.421608423220925,-5.929685257314244,-6.323151703367591,-2.2765947050158775,-5.431636106675386,-5.683031797463944
2012,5.349551668465113,8.88825540704552,5.700250468085866,6.266099715201778,6.200196725175111,6.6527724300026625,3.149227021190848,4.948334569262158,4.470366387725866
2013,-1.9173578914797873,5.279147476465695,-1.9133195797509939,-1.9076819357492725,-1.7864043783575534,-1.7019569324619233,0.7470241415052703,-2.6015955177513317,-2.3143414540129137
2014,-2.1382289277423583,10.435756010626896,-2.4612919805327094,-3.1103778260022197,-2.40174051655756,-2.631322998794594,-0.12794754319503943,-2.7322150409310075,-2.771986391676151
2015,-1.279594150351715,-3.993290786025383,-1.2855631340890628,-1.2820270709660075,-1.7988575569428678,-2.674108554228527,0.7682662932003925,-1.0205364375617254,-1.596675438761641
2016,-0.37905584190938146,3.148484220504688,-0.1576907786925985,0.6931425401116353,-0.6845222403233819,-1.233227312582852,-1.829377750536254,0.636218705894187,-0.7992990232934094
2017,1.6148263260629125,10.452113207267843,1.8517559806306094,1.851932859003158,1.9844153545158116,2.3544183848050793,1.6490590347293166,1.5140938670823223,1.078409729339791
2018,4.317825082821791,-8.778613574193395,4.01331471793509,4.042174635270057,4.578855904457124,4.763092018947224,0.3727856497363957,3.983133084673507,3.689772273802694
2019,6.4897545487299535,5.307601437550646,6.485956071653787,6.488747292323582,8.024368652265835,9.209435080653705,2.1749683214911997,6.1276541905348925,5.7210836426973
2020,7.980492152022478,12.395456904986823,8.808496289328094,8.817636109982807,8.717476998941386,8.75485850820139,1.7913980839507238,6.828681781745072,7.422114047254813
2021,4.940610579521643,15.820781717666321,4.946641360094062,5.1121761646116815,5.92751411211303,6.484658227328732,3.581413405892442,3.013374046215267,4.195337714941827
2022,-6.187656056906221,-5.1590716196492465,-5.681292968261442,-5.695502915172512,-7.116711267897003,-7.567285953271918,-3.4040030722968018,-6.346832831407889,-6.483121739178266
2023,1.364540647880652,9.886672277608755,1.7654301366912595,1.7761919427119466,1.5504823471290008,1.3481783102374134,-0.6599122153669201,1.4248991206884831,0.809417420990588
2024,11.613642813111369,5.474253302444176,12.662496376097643,13.0118586150626,12.769076980650574,13.553383166902332,5.062843032355868,8.30108809311767,10.483588988976988
2025,4.599357724748798,3.747625575645097,5.044436120097373,5.575020094968641,5.20044631704224,6.115466603838149,5.416153547799074,8.411866028874314,3.9663864711350083
2026,7.119449322714599,13.975724733704809,7.643972485334927,7.638244576660602,8.077535300182603,8.264524065330203,3.1051332555597444,4.654769696316663,6.325004513278709
