,baseline (live config),regime off,"regime off, 5 pos","regime off, 6 pos","regime off, 6 pos, 15% cap","regime off, 5 pos, 25% cap"
2011,-5.32,-1.11,-2.37,-3.35,-2.71,-3.02
2012,5.35,8.89,9.63,9.47,6.57,11.81
2013,-1.92,5.28,7.55,10.65,7.83,9.77
2014,-2.14,10.44,7.35,7.18,5.64,9.05
2015,-1.28,-3.99,-4.84,-5.05,-3.81,-5.79
2016,-0.38,3.15,4.93,8.05,5.56,6.65
2017,1.61,10.45,9.07,10.55,8.14,10.07
2018,4.32,-8.78,-5.94,-6.02,-4.72,-6.74
2019,6.49,5.31,5.5,6.31,4.73,6.64
2020,7.98,12.4,11.63,14.14,13.22,11.64
2021,4.94,15.82,21.3,22.29,18.09,23.9
2022,-6.19,-5.16,-5.15,-5.47,-3.36,-6.35
2023,1.36,9.89,8.2,9.01,6.76,9.44
2024,11.61,5.47,8.11,8.65,6.73,9.34
2025,4.6,3.75,4.98,3.65,2.86,5.54
2026,7.12,13.98,21.22,20.67,16.42,23.81
