,CAGR 11-26,11-18,19-26,Alpaca 20-26,DD,trades,avg trade %,win %,invested %,yrs beat yf,yrs beat al
live config,6.3,3.22,9.59,10.17,-11.4,1853,0.38,59.6,38.7,-,-
trend: SMA100,4.03,1.8,6.37,7.15,-10.0,1672,0.27,58.7,34.8,5/16,2/7
trend: none,7.26,3.5,11.4,11.31,-19.1,2468,0.36,58.7,50.5,9/16,5/7
hold: RSI falls back below 60,5.72,2.9,8.74,9.45,-11.4,1911,0.32,57.6,37.6,5/16,2/7
hold: RSI falls back below 80,5.29,3.0,7.73,8.32,-14.4,1774,0.34,59.1,41.0,5/16,2/7
hold: RSI falls back below 90,4.91,2.77,7.19,7.87,-13.6,1705,0.33,56.8,43.6,5/16,1/7
hold: time stop only (10 d),3.96,2.25,5.77,6.32,-13.6,1652,0.27,55.1,45.0,5/16,1/7
trend: SPY > its 200-day (market),5.25,2.5,8.18,9.06,-12.4,2098,0.28,58.8,43.8,7/16,4/7
trend: own AND SPY > 200-day,5.72,4.36,7.15,7.3,-7.9,1700,0.38,59.9,35.9,4/16,1/7
"trend: none, 12% cap",6.14,2.89,9.68,9.66,-17.7,2468,0.36,58.7,41.2,7/16,2/7
scale-in: 2nd unit on a lower close,6.51,3.05,10.2,10.53,-14.3,1777,0.52,60.7,42.1,10/16,4/7
8 positions x 12%,5.97,3.32,8.79,9.24,-9.8,2145,0.38,59.6,36.2,4/16,1/7
