,cagr_pct,max_dd_pct,trades,win_pct,pf,avg_trade_pct,avg_invested_pct,days_in_cash_pct,unfilled_entries,slot_blocked,years_beating_baseline
baseline (live config),2.31,-9.9,567,59.1,1.42,0.38,13.2,59.2,57,80,-
regime filter off,5.22,-14.0,1484,58.4,1.35,0.31,34.8,27.6,120,2924,11/16 (of 16)
max positions 5,2.55,-9.9,581,59.4,1.46,0.4,13.6,59.1,61,51,10/14 (of 16)
max positions 6,2.66,-10.0,588,59.7,1.48,0.41,13.7,59.0,62,39,11/14 (of 16)
position cap 25%,2.61,-11.0,567,59.1,1.41,0.38,15.7,59.2,57,80,11/16 (of 16)
position cap 30%,2.71,-12.3,567,59.1,1.39,0.38,17.7,59.2,57,80,10/16 (of 16)
original 11 symbols,1.21,-5.2,260,60.0,1.48,0.39,6.2,76.8,16,7,7/16 (of 16)
entries at open (no limit),1.92,-11.3,626,58.5,1.31,0.3,14.4,57.1,0,81,4/16 (of 16)
exits +0.10% slip (9:45 sells),1.7,-12.2,567,58.4,1.3,0.29,13.2,59.2,57,80,0/16 (of 16)
