,yf_cagr,yf_dd,yf_beats,alpaca_cagr,alpaca_dd,alpaca_beats,yf_pf,yf_invested
option C (live),5.39,-11.6,-,9.44,-7.3,-,1.37,34.7
RSI entry < 5,3.99,-11.7,4/16,6.57,-10.6,2/7,1.47,20.6
RSI entry < 15,5.45,-14.5,8/16,9.27,-10.1,3/7,1.28,43.4
RSI exit 50,4.45,-13.8,4/16,7.87,-7.9,1/7,1.3,33.4
RSI exit 60,4.61,-11.3,3/16,7.75,-7.9,0/7,1.3,33.8
time stop 5d,3.77,-13.1,6/16,7.62,-7.9,4/7,1.27,29.8
time stop 10d,6.3,-11.4,10/16,10.17,-7.5,5/7,1.43,38.7
stop 1.5 ATR,5.28,-9.6,7/16,8.94,-8.4,2/7,1.3,33.8
stop 3.5 ATR,4.44,-12.4,5/16,7.61,-8.6,3/7,1.35,33.8
no hard stop,0.45,-1.3,4/16,0.58,-0.9,1/7,1.36,3.6
rank most oversold,5.44,-11.9,8/16,9.1,-7.6,3/7,1.37,34.5
entry limit +1.0%,5.49,-12.3,7/16,9.76,-7.3,3/7,1.36,36.0
