,live config (backtest ADX),"band [18,23)","band [22,27)","band [17,28)",regime off,"regime off, 5 pos","regime off, 6 pos","regime off, 6 pos, 15% cap","regime off, 5 pos, 25% cap"
2011,-5.32,-4.14,-0.55,-1.66,-1.11,-1.66,-1.66,-2.71,-1.79
2012,5.35,7.24,5.47,5.06,8.89,7.53,7.33,6.57,8.42
2013,-1.92,2.38,-1.34,5.21,5.28,7.42,7.14,7.83,7.55
2014,-2.14,2.61,-2.76,-0.31,10.44,6.57,6.59,5.64,11.54
2015,-1.28,-2.23,-1.31,-2.53,-3.99,-4.79,-4.79,-3.81,-2.84
2016,-0.38,2.8,1.3,2.3,3.15,5.51,5.48,5.56,2.67
2017,1.61,3.29,1.91,5.51,10.45,9.89,10.4,8.14,10.87
2018,4.32,5.78,-2.21,0.75,-8.78,-4.56,-4.83,-4.72,-7.95
2019,6.49,2.03,4.56,5.89,5.31,5.44,4.67,4.73,6.13
2020,7.98,8.77,7.11,11.37,12.4,12.45,12.41,13.22,10.18
2021,4.94,6.65,4.37,7.63,15.82,18.86,21.25,18.09,24.17
2022,-6.19,-2.57,-3.07,-2.01,-5.16,-5.15,-4.1,-3.36,-5.73
2023,1.36,0.75,2.09,3.13,9.89,5.58,7.07,6.76,8.98
2024,11.61,7.64,8.56,6.98,5.47,5.31,7.18,6.73,6.17
2025,4.6,3.4,0.71,5.09,3.75,5.1,5.48,2.86,4.02
2026,7.12,10.09,4.6,14.14,13.98,21.26,19.19,16.42,18.26
