,cagr_pct,cagr_2011-18,cagr_2019-26,cagr_exit+0.10%,max_dd_pct,pf,avg_trade_pct,trades,avg_invested_pct,max_invested_pct,days_in_cash_pct,cash_rejected,yrs_beat_base
live config (backtest ADX),2.31,-0.02,4.83,1.7,-9.9,1.42,0.38,567,13.2,80.7,59.2,0,-
"band [18,23)",3.39,2.16,4.72,2.72,-6.5,1.61,0.51,611,14.5,80.6,56.6,0,11/16
"band [22,27)",1.81,0.03,3.68,1.29,-9.6,1.37,0.37,478,11.1,80.8,63.3,0,7/16
"band [17,28)",4.13,1.75,6.7,3.04,-8.8,1.46,0.39,986,23.2,80.9,43.0,0,11/16
regime off,5.22,2.82,7.8,3.59,-14.0,1.35,0.31,1484,34.8,81.0,27.6,0,11/16
"regime off, 5 pos",5.77,3.09,8.8,3.97,-13.6,1.35,0.3,1676,39.3,100.0,27.2,103,12/16
"regime off, 6 pos",6.03,3.05,9.16,4.23,-14.3,1.37,0.32,1695,39.6,100.0,26.9,598,12/16
"regime off, 6 pos, 15% cap",5.39,2.68,8.29,3.76,-11.6,1.37,0.31,1920,34.7,90.8,26.0,0,11/16
"regime off, 5 pos, 25% cap",6.09,3.34,8.9,4.0,-15.7,1.36,0.32,1482,41.5,100.0,27.5,688,11/16
