symbol,group,trades,win %,avg trade %,avg 2011-18 %,avg 2019-26 %,avg Alpaca 20-26 %,total $ (yf),list order
XLC,Communication Services,39,77.0,1.11,,1.11,1.16,10675.0,19
XOP,Energy,62,60.0,0.94,0.16,1.68,1.68,11310.0,21
RSP,Broad/Index,33,73.0,0.89,1.13,0.74,0.92,6281.0,5
IJH,Broad/Index,30,70.0,0.83,-0.05,1.42,0.98,7150.0,6
XLY,Consumer Discretionary,88,70.0,0.81,0.62,0.98,1.07,15675.0,15
IWM,Broad/Index,65,63.0,0.78,0.39,1.19,1.36,13661.0,3
XLK,Technology,112,67.0,0.71,0.53,0.93,1.02,18980.0,11
XLE,Energy,89,58.0,0.68,-0.07,1.32,1.32,17664.0,9
SPY,Broad/Index,105,66.0,0.62,0.51,0.77,0.67,14483.0,1
XLF,Financials,112,60.0,0.55,0.7,0.38,0.44,13840.0,10
DIA,Broad/Index,56,62.0,0.39,0.45,0.31,0.41,4908.0,4
XLB,Materials,69,58.0,0.38,0.34,0.42,0.4,5774.0,17
XLV,Health Care,108,60.0,0.35,0.28,0.42,0.42,9031.0,12
GLD,Commodity,71,62.0,0.34,-0.1,0.68,1.02,6154.0,23
XBI,Health Care,75,60.0,0.25,0.02,0.67,0.89,1408.0,20
TLT,Fixed Income,71,61.0,0.25,0.27,0.23,0.38,3112.0,25
DBMF,Alternative,21,48.0,0.24,,0.24,0.15,1191.0,27
XLP,Consumer Staples,101,61.0,0.23,0.29,0.12,0.03,3165.0,16
XRT,Consumer Discretionary,59,58.0,0.22,-0.0,0.44,-0.04,2006.0,22
XLI,Industrials,90,56.0,0.1,-0.01,0.18,0.15,1580.0,14
QQQ,Broad/Index,90,53.0,0.09,0.2,-0.07,0.24,1663.0,2
XLU,Utilities,101,52.0,-0.04,-0.07,-0.01,-0.17,-2312.0,13
XLRE,Real Estate,49,51.0,-0.11,-0.86,0.19,-0.1,-1236.0,18
EEM,Broad/Index,41,51.0,-0.12,-0.15,-0.1,0.15,-394.0,8
UNG,Commodity,32,44.0,-0.13,-1.8,2.64,2.64,13.0,26
SLV,Commodity,45,47.0,-0.23,-1.0,0.15,0.09,-300.0,24
EFA,Broad/Index,39,44.0,-0.36,-0.4,-0.32,-0.23,-3151.0,7
